Timestamp;shooter_heat17;bullet_num;heat
15000;0;0;0
42000;0;0;0
69000;0;0;0
96000;0;0;0
123000;0;0;0
150000;0;0;0
177000;0;0;0
204000;0;0;0
231000;0;0;0
259000;0;0;0
286000;0;0;0
312000;0;0;0
339000;0;0;0
366000;0;0;0
393000;0;0;0
420000;0;0;0
446000;0;0;0
474000;0;0;0
501000;0;0;0
528000;0;0;0
555000;0;0;0
581000;0;0;0
608000;0;0;0
635000;0;0;0
662000;0;0;0
689000;0;0;0
716000;0;0;0
743000;0;0;0
770000;0;0;0
796000;0;0;0
823000;0;0;0
850000;0;0;0
876000;0;0;0
904000;0;0;0
932000;0;0;0
959000;0;0;0
986000;0;0;0
1013000;0;0;0
1040000;0;0;0
1067000;0;0;0
1093000;0;0;0
1121000;0;0;0
1148000;0;0;0
1174000;0;0;0
1201000;0;0;0
1228000;0;0;0
1255000;0;0;0
1282000;0;0;0
1309000;0;0;0
1336000;0;0;0
1362000;0;0;0
1390000;0;0;0
1417000;0;0;0
1444000;0;0;0
1471000;0;0;0
1499000;0;0;0
1526000;0;0;0
1552000;0;0;0
1579000;0;0;0
1605000;0;0;0
1632000;0;0;0
1659000;0;0;0
1686000;0;0;0
1712000;0;0;0
1740000;0;0;0
1768000;0;0;0
1795000;0;0;0
1822000;0;0;0
1849000;0;0;0
1876000;0;0;0
1903000;0;0;0
1930000;0;0;0
1957000;0;0;0
1985000;0;0;0
2012000;0;0;0
2039000;0;0;0
2066000;0;0;0
2093000;0;0;0
2119000;0;0;0
2146000;0;0;0
2173000;0;0;0
2200000;0;0;0
2227000;0;0;0
2254000;0;0;0
2281000;0;0;0
2308000;0;0;0
2334000;0;0;0
2361000;0;0;0
2388000;0;0;0
2415000;0;0;0
2442000;0;0;0
2469000;0;0;0
2497000;0;0;0
2524000;0;0;0
2551000;0;0;0
2578000;0;0;0
2605000;0;0;0
2632000;0;0;0
2659000;0;0;0
2685000;0;0;0
2712000;0;0;0
2739000;0;0;0
2766000;0;0;0
2794000;0;0;0
2821000;0;0;0
2849000;0;0;0
2876000;0;0;0
2903000;0;0;0
2930000;0;0;0
2957000;0;0;0
2984000;0;0;0
3013000;0;0;0
3039000;0;0;0
3066000;0;0;0
3093000;0;0;0
3120000;0;0;0
3147000;0;0;0
3175000;0;0;0
3202000;0;0;0
3229000;0;0;0
3256000;0;0;0
3283000;0;0;0
3310000;0;0;0
3337000;0;0;0
3364000;0;0;0
3390000;0;0;0
3418000;0;0;0
3445000;0;0;0
3472000;0;0;0
3499000;0;0;0
3526000;0;0;0
3553000;0;0;0
3580000;0;0;0
3607000;0;0;0
3634000;0;0;0
3661000;0;0;0
3688000;0;0;0
3715000;0;0;0
3743000;0;0;0
3769000;0;0;0
3796000;0;0;0
3824000;0;0;0
3851000;0;0;0
3878000;0;0;0
3905000;0;0;0
3932000;0;0;0
3959000;0;0;0
3986000;0;0;0
4013000;0;0;0
4040000;0;0;0
4067000;0;0;0
4094000;0;0;0
4121000;0;0;0
4148000;0;0;0
4175000;0;0;0
4202000;0;0;0
4229000;0;0;0
4256000;0;0;0
4283000;0;0;0
4310000;0;0;0
4337000;0;0;0
4365000;0;0;0
4392000;0;0;0
4418000;0;0;0
4445000;0;0;0
4472000;0;0;0
4499000;0;0;0
4526000;0;0;0
4553000;0;0;0
4580000;0;0;0
4607000;0;0;0
4634000;0;0;0
4661000;0;0;0
4688000;0;0;0
4715000;0;0;0
4743000;0;0;0
4771000;0;0;0
4797000;0;0;0
4825000;0;0;0
4852000;0;0;0
4879000;0;0;0
4906000;0;0;0
4932000;0;0;0
4959000;0;0;0
4986000;0;0;0
5012000;0;0;0
5039000;0;0;0
5066000;0;0;0
5093000;0;0;0
5122000;0;0;0
5149000;0;0;0
5176000;0;0;0
5203000;0;0;0
5229000;0;0;0
5256000;0;0;0
5284000;0;0;0
5311000;0;0;0
5338000;0;0;0
5365000;0;0;0
5392000;0;0;0
5420000;0;0;0
5447000;0;0;0
5475000;0;0;0
5502000;0;0;0
5529000;0;0;0
5556000;0;0;0
5582000;0;0;0
5609000;0;0;0
5636000;0;0;0
5663000;0;0;0
5690000;0;0;0
5717000;0;0;0
5745000;0;0;0
5772000;0;0;0
5799000;0;0;0
5826000;0;0;0
5853000;0;0;0
5880000;0;0;0
5907000;0;0;0
5934000;0;0;0
5960000;0;0;0
5987000;0;0;0
6014000;0;0;0
6041000;0;0;0
6068000;0;0;0
6096000;0;0;0
6123000;0;0;0
6150000;0;0;0
6177000;0;0;0
6203000;0;0;0
6230000;0;0;0
6257000;0;0;0
6284000;0;0;0
6311000;0;0;0
6338000;0;0;0
6365000;0;0;0
6392000;0;0;0
6419000;0;0;0
6446000;0;0;0
6473000;0;0;0
6500000;0;0;0
6527000;0;0;0
6554000;0;0;0
6581000;0;0;0
6608000;0;0;0
6634000;0;0;0
6662000;0;0;0
6689000;0;0;0
6716000;0;0;0
6744000;0;0;0
6771000;0;0;0
6798000;0;0;0
6826000;0;0;0
6853000;0;0;0
6880000;0;0;0
6907000;0;0;0
6934000;0;0;0
6961000;0;0;0
6987000;0;0;0
7014000;0;0;0
7041000;0;0;0
7068000;0;0;0
7095000;0;0;0
7123000;0;0;0
7150000;0;0;0
7177000;0;0;0
7204000;0;0;0
7231000;0;0;0
7258000;0;0;0
7285000;0;0;0
7312000;0;0;0
7339000;0;0;0
7366000;0;0;0
7393000;0;0;0
7420000;0;0;0
7447000;0;0;0
7474000;0;0;0
7501000;0;0;0
7528000;0;0;0
7556000;0;0;0
7583000;0;0;0
7610000;0;0;0
7637000;0;0;0
7664000;0;0;0
7691000;0;0;0
7718000;0;0;0
7744000;0;0;0
7771000;0;0;0
7798000;0;0;0
7825000;0;0;0
7852000;0;0;0
7878000;0;0;0
7905000;0;0;0
7933000;0;0;0
7960000;0;0;0
7987000;0;0;0
8014000;0;0;0
8041000;0;0;0
8068000;0;0;0
8094000;0;0;0
8122000;0;0;0
8150000;0;0;0
8177000;0;0;0
8204000;0;0;0
8230000;0;0;0
8257000;0;0;0
8284000;0;0;0
8311000;0;0;0
8338000;0;0;0
8365000;0;0;0
8392000;0;0;0
8419000;0;0;0
8446000;0;0;0
8473000;0;0;0
8500000;0;0;0
8527000;0;0;0
8554000;0;0;0
8580000;0;0;0
8607000;0;0;0
8634000;0;0;0
8661000;0;0;0
8688000;0;0;0
8715000;0;0;0
8742000;0;0;0
8769000;0;0;0
8796000;0;0;0
8823000;0;0;0
8850000;0;0;0
8877000;0;0;0
8904000;0;0;0
8931000;0;0;0
8957000;0;0;0
8984000;0;0;0
9011000;0;0;0
9038000;0;0;0
9065000;0;0;0
9092000;0;0;0
9119000;0;0;0
9146000;0;0;0
9173000;0;0;0
9199000;0;0;0
9226000;0;0;0
9253000;0;0;0
9280000;0;0;0
9307000;0;0;0
9334000;0;0;0
9361000;0;0;0
9388000;0;0;0
9415000;0;0;0
9441000;0;0;0
9468000;0;0;0
9495000;0;0;0
9522000;0;0;0
9549000;0;0;0
9575000;0;0;0
9602000;0;0;0
9629000;0;0;0
9656000;0;0;0
9683000;0;0;0
9710000;0;0;0
9737000;0;0;0
9764000;0;0;0
9791000;0;0;0
9818000;0;0;0
9845000;0;0;0
9871000;0;0;0
9899000;0;0;0
9926000;0;0;0
9953000;0;0;0
9980000;0;0;0
10007000;0;0;0
10034000;0;0;0
10061000;0;0;0
10088000;0;0;0
10115000;0;0;0
10142000;0;0;0
10169000;0;0;0
10196000;0;0;0
10223000;0;0;0
10250000;0;0;0
10277000;0;0;0
10304000;0;0;0
10331000;0;0;0
10358000;0;0;0
10385000;0;0;0
10412000;0;0;0
10439000;0;0;0
10466000;0;0;0
10493000;0;0;0
10520000;0;0;0
10547000;0;0;0
10574000;0;0;0
10600000;0;0;0
10627000;0;0;0
10655000;0;0;0
10682000;0;0;0
10709000;0;0;0
10736000;0;0;0
10763000;0;0;0
10790000;0;0;0
10817000;0;0;0
10844000;0;0;0
10872000;0;0;0
10899000;0;0;0
10926000;0;0;0
10952000;0;0;0
10979000;0;0;0
11006000;0;0;0
11033000;0;0;0
11060000;0;0;0
11087000;0;0;0
11114000;0;0;0
11141000;0;0;0
11168000;0;0;0
11195000;0;0;0
11222000;0;0;0
11248000;0;0;0
11275000;0;0;0
11303000;0;0;0
11330000;0;0;0
11357000;0;0;0
11386000;0;0;0
11413000;0;0;0
11440000;0;0;0
11467000;0;0;0
11494000;0;0;0
11521000;0;0;0
11548000;0;0;0
11576000;0;0;0
11603000;0;0;0
11629000;0;0;0
11657000;0;0;0
11684000;0;0;0
11711000;0;0;0
11738000;0;0;0
11765000;0;0;0
11792000;0;0;0
11819000;0;0;0
11846000;0;0;0
11873000;0;0;0
11900000;0;0;0
11927000;0;0;0
11955000;0;0;0
11982000;0;0;0
12008000;0;0;0
12035000;0;0;0
12062000;0;0;0
12089000;0;0;0
12116000;0;0;0
12143000;0;0;0
12170000;0;0;0
12197000;0;0;0
12224000;0;0;0
12251000;0;0;0
12279000;0;0;0
12305000;0;0;0
12333000;0;0;0
12360000;0;0;0
12387000;0;0;0
12414000;0;0;0
12441000;0;0;0
12468000;0;0;0
12495000;0;0;0
12522000;0;0;0
12549000;0;0;0
12576000;0;0;0
12603000;0;0;0
12630000;0;0;0
12657000;0;0;0
12683000;0;0;0
12710000;0;0;0
12737000;0;0;0
12764000;0;0;0
12791000;0;0;0
12818000;0;0;0
12846000;0;0;0
12873000;0;0;0
12900000;0;0;0
12927000;0;0;0
12954000;0;0;0
12981000;0;0;0
13008000;0;0;0
13035000;0;0;0
13061000;0;0;0
13088000;0;0;0
13115000;0;0;0
13143000;0;0;0
13170000;0;0;0
13197000;0;0;0
13224000;0;0;0
13251000;0;0;0
13278000;0;0;0
13305000;0;0;0
13332000;0;0;0
13359000;0;0;0
13386000;0;0;0
13413000;0;0;0
13439000;0;0;0
13466000;0;0;0
13493000;0;0;0
13521000;0;0;0
13548000;0;0;0
13574000;0;0;0
13601000;0;0;0
13628000;0;0;0
13656000;0;0;0
13683000;0;0;0
13710000;0;0;0
13737000;0;0;0
13763000;0;0;0
13790000;0;0;0
13817000;0;0;0
13844000;0;0;0
13871000;0;0;0
13898000;0;0;0
13925000;0;0;0
13952000;0;0;0
13979000;0;0;0
14007000;0;0;0
14034000;0;0;0
14061000;0;0;0
14088000;0;0;0
14115000;0;0;0
14141000;0;0;0
14168000;0;0;0
14195000;0;0;0
14222000;0;0;0
14249000;0;0;0
14276000;0;0;0
14303000;0;0;0
14330000;0;0;0
14357000;0;0;0
14384000;0;0;0
14412000;0;0;0
14439000;0;0;0
14466000;0;0;0
14494000;0;0;0
14520000;0;0;0
14547000;0;0;0
14574000;0;0;0
14601000;0;0;0
14628000;0;0;0
14655000;0;0;0
14682000;0;0;0
14709000;0;0;0
14736000;0;0;0
14763000;0;0;0
14791000;0;0;0
14818000;0;0;0
14845000;0;0;0
14871000;0;0;0
14898000;0;0;0
14925000;0;0;0
14952000;0;0;0
14979000;0;0;0
15006000;0;0;0
15033000;0;0;0
15060000;0;0;0
15086000;0;0;0
15113000;0;0;0
15140000;0;0;0
15167000;0;0;0
15194000;0;0;0
15221000;0;0;0
15248000;0;0;0
15275000;0;0;0
15302000;0;0;0
15329000;0;0;0
15356000;0;0;0
15382000;0;0;0
15409000;0;0;0
15437000;0;0;0
15465000;0;0;0
15493000;0;0;0
15520000;0;0;0
15547000;0;0;0
15574000;0;0;0
15601000;0;0;0
15628000;0;0;0
15655000;0;0;0
15682000;0;0;0
15709000;0;0;0
15736000;0;0;0
15762000;0;0;0
15789000;0;0;0
15816000;0;0;0
15843000;0;0;0
15870000;0;0;0
15897000;0;0;0
15924000;0;0;0
15951000;0;0;0
15978000;0;0;0
16004000;0;0;0
16031000;0;0;0
16058000;0;0;0
16085000;0;0;0
16112000;0;0;0
16139000;0;0;0
16166000;0;0;0
16192000;0;0;0
16219000;0;0;0
16246000;0;0;0
16273000;0;0;0
16300000;0;0;0
16327000;0;0;0
16355000;0;0;0
16381000;0;0;0
16408000;0;0;0
16435000;0;0;0
16462000;0;0;0
16489000;0;0;0
16516000;0;0;0
16543000;0;0;0
16570000;0;0;0
16597000;0;0;0
16623000;0;0;0
16650000;0;0;0
16677000;0;0;0
16704000;0;0;0
16731000;0;0;0
16758000;0;0;0
16785000;0;0;0
16812000;0;0;0
16840000;0;0;0
16867000;0;0;0
16894000;0;0;0
16921000;0;0;0
16948000;0;0;0
16975000;0;0;0
17001000;0;0;0
17028000;0;0;0
17055000;0;0;0
17082000;0;0;0
17109000;0;0;0
17136000;0;0;0
17164000;0;0;0
17191000;0;0;0
17218000;0;0;0
17245000;0;0;0
17272000;0;0;0
17299000;0;0;0
17326000;0;0;0
17353000;0;0;0
17380000;0;0;0
17407000;0;0;0
17434000;0;0;0
17461000;0;0;0
17489000;0;0;0
17516000;0;0;0
17544000;0;0;0
17572000;0;0;0
17599000;0;0;0
17625000;0;0;0
17652000;0;0;0
17679000;0;0;0
17706000;0;0;0
17733000;0;0;0
17760000;0;0;0
17786000;0;0;0
17813000;0;0;0
17840000;0;0;0
17867000;0;0;0
17894000;0;0;0
17921000;0;0;0
17949000;0;0;0
17976000;0;0;0
18003000;0;0;0
18030000;0;0;0
18058000;0;0;0
18085000;0;0;0
18111000;0;0;0
18138000;0;0;0
18165000;0;0;0
18192000;0;0;0
18219000;0;0;0
18246000;0;0;0
18273000;0;0;0
18300000;0;0;0
18327000;0;0;0
18355000;0;0;0
18383000;0;0;0
18411000;0;0;0
18438000;0;0;0
18465000;0;0;0
18491000;0;0;0
18518000;0;0;0
18545000;0;0;0
18573000;0;0;0
18600000;0;0;0
18627000;0;0;0
18654000;0;0;0
18681000;0;0;0
18708000;0;0;0
18736000;0;0;0
18763000;0;0;0
18790000;0;0;0
18816000;0;0;0
18843000;0;0;0
18870000;0;0;0
18897000;0;0;0
18924000;0;0;0
18951000;0;0;0
18978000;0;0;0
19006000;0;0;0
19033000;0;0;0
19059000;0;0;0
19086000;0;0;0
19113000;0;0;0
19140000;0;0;0
19166000;0;0;0
19193000;0;0;0
19220000;0;0;0
19247000;0;0;0
19274000;0;0;0
19301000;0;0;0
19328000;0;0;0
19356000;0;0;0
19383000;0;0;0
19411000;0;0;0
19438000;0;0;0
19464000;0;0;0
19491000;0;0;0
19518000;0;0;0
19545000;0;0;0
19572000;0;0;0
19599000;0;0;0
19626000;0;0;0
19653000;0;0;0
19680000;0;0;0
19707000;0;0;0
19734000;0;0;0
19762000;0;0;0
19789000;0;0;0
19815000;0;0;0
19842000;0;0;0
19869000;0;0;0
19896000;0;0;0
19924000;0;0;0
19952000;0;0;0
19979000;0;0;0
20006000;0;0;0
20033000;0;0;0
20060000;0;0;0
20087000;0;0;0
20114000;0;0;0
20140000;0;0;0
20168000;0;0;0
20194000;0;0;0
20221000;0;0;0
20248000;0;0;0
20275000;0;0;0
20302000;0;0;0
20329000;0;0;0
20356000;0;0;0
20383000;0;0;0
20410000;0;0;0
20437000;0;0;0
20464000;0;0;0
20490000;0;0;0
20517000;0;0;0
20544000;0;0;0
20571000;0;0;0
20598000;0;0;0
20626000;0;0;0
20652000;0;0;0
20679000;0;0;0
20706000;0;0;0
20733000;0;0;0
20760000;0;0;0
20787000;0;0;0
20814000;0;0;0
20841000;0;0;0
20869000;0;0;0
20896000;0;0;0
20923000;0;0;0
20949000;0;0;0
20976000;0;0;0
21003000;0;0;0
21030000;0;0;0
21057000;0;0;0
21084000;0;0;0
21111000;0;0;0
21138000;0;0;0
21165000;0;0;0
21192000;0;0;0
21219000;0;0;0
21246000;0;0;0
21273000;0;0;0
21300000;0;0;0
21326000;0;0;0
21353000;0;0;0
21380000;0;0;0
21407000;0;0;0
21434000;0;0;0
21461000;0;0;0
21488000;0;0;0
21515000;0;0;0
21542000;0;0;0
21569000;0;0;0
21596000;0;0;0
21623000;0;0;0
21650000;0;0;0
21678000;0;0;0
21704000;0;0;0
21731000;0;0;0
21758000;0;0;0
21785000;0;0;0
21812000;0;0;0
21839000;0;0;0
21866000;0;0;0
21893000;0;0;0
21920000;0;0;0
21947000;0;0;0
21974000;0;0;0
22001000;0;0;0
22028000;0;0;0
22056000;0;0;0
22082000;0;0;0
22109000;0;0;0
22136000;0;0;0
22163000;0;0;0
22190000;0;0;0
22217000;0;0;0
22244000;0;0;0
22271000;0;0;0
22298000;0;0;0
22325000;0;0;0
22352000;0;0;0
22380000;0;0;0
22407000;0;0;0
22434000;0;0;0
22460000;0;0;0
22487000;0;0;0
22514000;0;0;0
22541000;0;0;0
22568000;0;0;0
22595000;0;0;0
22622000;0;0;0
22649000;0;0;0
22676000;0;0;0
22703000;0;0;0
22730000;0;0;0
22757000;0;0;0
22784000;0;0;0
22810000;0;0;0
22838000;0;0;0
22865000;0;0;0
22892000;0;0;0
22920000;0;0;0
22947000;0;0;0
22974000;0;0;0
23001000;0;0;0
23027000;0;0;0
23054000;0;0;0
23081000;0;0;0
23108000;0;0;0
23135000;0;0;0
23162000;0;0;0
23189000;0;0;0
23215000;0;0;0
23242000;0;0;0
23269000;0;0;0
23296000;0;0;0
23323000;0;0;0
23350000;0;0;0
23377000;0;0;0
23405000;0;0;0
23432000;0;0;0
23459000;0;0;0
23486000;0;0;0
23513000;0;0;0
23540000;0;0;0
23567000;0;0;0
23594000;0;0;0
23620000;0;0;0
23647000;0;0;0
23674000;0;0;0
23701000;0;0;0
23728000;0;0;0
23755000;0;0;0
23783000;0;0;0
23810000;0;0;0
23837000;0;0;0
23864000;0;0;0
23891000;0;0;0
23918000;0;0;0
23945000;0;0;0
23972000;0;0;0
23998000;0;0;0
24025000;0;0;0
24052000;0;0;0
24079000;0;0;0
24106000;0;0;0
24134000;0;0;0
24161000;0;0;0
24188000;0;0;0
24215000;0;0;0
24242000;0;0;0
24269000;0;0;0
24296000;0;0;0
24322000;0;0;0
24350000;0;0;0
24377000;0;0;0
24404000;0;0;0
24431000;0;0;0
24458000;0;0;0
24485000;0;0;0
24512000;0;0;0
24538000;0;0;0
24565000;0;0;0
24592000;0;0;0
24619000;0;0;0
24646000;0;0;0
24673000;0;0;0
24700000;0;0;0
24726000;0;0;0
24753000;0;0;0
24780000;0;0;0
24807000;0;0;0
24835000;0;0;0
24863000;0;0;0
24890000;0;0;0
24916000;0;0;0
24943000;0;0;0
24970000;0;0;0
24997000;0;0;0
25024000;0;0;0
25051000;0;0;0
25078000;0;0;0
25105000;0;0;0
25132000;0;0;0
25159000;0;0;0
25186000;0;0;0
25213000;0;0;0
25239000;0;0;0
25267000;0;0;0
25294000;0;0;0
25322000;0;0;0
25349000;0;0;0
25376000;0;0;0
25404000;0;0;0
25431000;0;0;0
25458000;0;0;0
25485000;0;0;0
25512000;0;0;0
25539000;0;0;0
25566000;0;0;0
25592000;0;0;0
25619000;0;0;0
25646000;0;0;0
25673000;0;0;0
25701000;0;0;0
25728000;0;0;0
25755000;0;0;0
25783000;0;0;0
25810000;0;0;0
25836000;0;0;0
25864000;0;0;0
25891000;0;0;0
25918000;0;0;0
25945000;0;0;0
25972000;0;0;0
25999000;0;0;0
26026000;0;0;0
26053000;0;0;0
26080000;0;0;0
26107000;0;0;0
26134000;0;0;0
26161000;0;0;0
26188000;0;0;0
26215000;0;0;0
26241000;0;0;0
26268000;0;0;0
26295000;0;0;0
26322000;0;0;0
26349000;0;0;0
26376000;0;0;0
26403000;0;0;0
26430000;0;0;0
26457000;0;0;0
26484000;0;0;0
26511000;0;0;0
26538000;0;0;0
26566000;0;0;0
26593000;0;0;0
26620000;0;0;0
26647000;0;0;0
26674000;0;0;0
26701000;0;0;0
26729000;0;0;0
26756000;0;0;0
26784000;0;0;0
26811000;0;0;0
26837000;0;0;0
26864000;0;0;0
26891000;0;0;0
26918000;0;0;0
26944000;0;0;0
26971000;0;0;0
26998000;0;0;0
27025000;0;0;0
27052000;0;0;0
27079000;0;0;0
27106000;0;0;0
27134000;0;0;0
27161000;0;0;0
27188000;0;0;0
27215000;0;0;0
27241000;0;0;0
27268000;0;0;0
27295000;0;0;0
27322000;0;0;0
27349000;0;0;0
27376000;0;0;0
27403000;0;0;0
27430000;0;0;0
27457000;0;0;0
27483000;0;0;0
27511000;0;0;0
27538000;0;0;0
27566000;0;0;0
27594000;0;0;0
27621000;0;0;0
27648000;0;0;0
27675000;0;0;0
27702000;0;0;0
27728000;0;0;0
27755000;0;0;0
27782000;0;0;0
27809000;0;0;0
27836000;0;0;0
27863000;0;0;0
27890000;0;0;0
27918000;0;0;0
27945000;0;0;0
27972000;0;0;0
28000000;0;0;0
28026000;0;0;0
28053000;0;0;0
28080000;0;0;0
28107000;0;0;0
28134000;0;0;0
28161000;0;0;0
28188000;0;0;0
28215000;0;0;0
28242000;0;0;0
28269000;0;0;0
28296000;0;0;0
28323000;0;0;0
28350000;0;0;0
28376000;0;0;0
28404000;0;0;0
28430000;0;0;0
28457000;0;0;0
28484000;0;0;0
28511000;0;0;0
28538000;0;0;0
28566000;0;0;0
28593000;0;0;0
28620000;0;0;0
28647000;0;0;0
28674000;0;0;0
28701000;0;0;0
28727000;0;0;0
28754000;0;0;0
28781000;0;0;0
28808000;0;0;0
28835000;0;0;0
28862000;0;0;0
28889000;0;0;0
28916000;0;0;0
28943000;0;0;0
28971000;0;0;0
28998000;0;0;0
29025000;0;0;0
29052000;0;0;0
29078000;0;0;0
29105000;0;0;0
29132000;0;0;0
29159000;0;0;0
29186000;0;0;0
29213000;0;0;0
29240000;0;0;0
29267000;0;0;0
29294000;0;0;0
29322000;0;0;0
29349000;0;0;0
29376000;0;0;0
29403000;0;0;0
29430000;0;0;0
29456000;0;0;0
29483000;0;0;0
29510000;0;0;0
29537000;0;0;0
29564000;0;0;0
29591000;0;0;0
29618000;0;1;0
29645000;0;1;20
29672000;0;1;20
29700000;0;1;4
29727000;4;1;4
29754000;4;1;4
29781000;4;1;4
29807000;0;1;0
29833000;0;1;0
29860000;0;1;0
29887000;0;1;0
29914000;0;1;0
29941000;0;1;0
29969000;0;1;0
29996000;0;1;0
30025000;0;1;0
30052000;0;1;0
30079000;0;1;0
30106000;0;1;0
30133000;0;1;0
30159000;0;1;0
30186000;0;1;0
30213000;0;1;0
30240000;0;1;0
30267000;0;1;0
30294000;0;1;0
30321000;0;1;0
30348000;0;1;0
30375000;0;1;0
30402000;0;1;0
30428000;0;1;0
30455000;0;1;0
30482000;0;1;0
30509000;0;1;0
30535000;0;1;0
30562000;0;1;0
30591000;0;1;0
30618000;0;1;0
30645000;0;1;0
30672000;0;1;0
30700000;0;1;0
30727000;0;1;0
30754000;0;1;0
30781000;0;1;0
30808000;0;1;0
30835000;0;1;0
30862000;0;1;0
30889000;0;1;0
30916000;0;1;0
30943000;0;1;0
30970000;0;1;0
30997000;0;1;0
31024000;0;1;0
31052000;0;1;0
31079000;0;1;0
31106000;0;1;0
31133000;0;1;0
31160000;0;1;0
31187000;0;1;0
31214000;0;1;0
31240000;0;1;0
31267000;0;1;0
31294000;0;1;0
31321000;0;1;0
31348000;0;1;0
31375000;0;1;0
31403000;0;1;0
31430000;0;1;0
31457000;0;1;0
31484000;0;1;0
31511000;0;1;0
31538000;0;1;0
31565000;0;1;0
31592000;0;1;0
31619000;0;1;0
31645000;0;1;0
31672000;0;1;0
31699000;0;1;0
31726000;0;1;0
31753000;0;1;0
31780000;0;1;0
31806000;0;1;0
31833000;0;1;0
31860000;0;1;0
31887000;0;1;0
31915000;0;1;0
31942000;0;1;0
31970000;0;1;0
31997000;0;1;0
32024000;0;1;0
32050000;0;1;0
32076000;0;1;0
32104000;0;1;0
32131000;0;1;0
32157000;0;1;0
32184000;0;1;0
32211000;0;1;0
32238000;0;1;0
32265000;0;1;0
32292000;0;1;0
32319000;0;1;0
32346000;0;1;0
32373000;0;1;0
32400000;0;1;0
32427000;0;1;0
32454000;0;1;0
32480000;0;1;0
32507000;0;1;0
32534000;0;1;0
32561000;0;1;0
32588000;0;1;0
32615000;0;1;0
32642000;0;1;0
32669000;0;1;0
32696000;0;1;0
32723000;0;1;0
32750000;0;1;0
32777000;0;1;0
32805000;0;1;0
32831000;0;1;0
32858000;0;1;0
32885000;0;1;0
32913000;0;1;0
32940000;0;1;0
32967000;0;1;0
32994000;0;1;0
33021000;0;1;0
33048000;0;1;0
33075000;0;1;0
33103000;5;2;21
33131000;5;2;21
33158000;5;2;5
33185000;5;3;25
33211000;9;3;25
33238000;9;3;25
33266000;9;3;9
33294000;9;3;9
33321000;0;3;9
33348000;0;3;0
33375000;0;3;0
33402000;0;3;0
33429000;0;3;0
33455000;0;3;0
33483000;0;3;0
33510000;0;3;0
33537000;0;3;0
33563000;0;3;0
33590000;0;3;0
33617000;0;3;0
33644000;0;3;0
33671000;0;3;0
33699000;0;3;0
33727000;0;3;0
33754000;0;3;0
33781000;0;3;0
33808000;0;3;0
33835000;0;3;0
33862000;0;3;0
33888000;0;3;0
33915000;0;3;0
33942000;0;3;0
33969000;0;3;0
33996000;0;3;0
34023000;0;3;0
34050000;0;3;0
34077000;0;3;0
34104000;0;3;0
34130000;0;3;0
34158000;0;3;0
34185000;0;3;0
34212000;0;3;0
34239000;0;3;0
34266000;0;3;0
34293000;0;3;0
34320000;0;3;0
34347000;0;3;0
34374000;0;3;0
34401000;0;3;0
34428000;0;3;0
34455000;0;3;0
34482000;0;3;0
34508000;0;3;0
34535000;0;3;0
34562000;0;3;0
34590000;0;3;0
34617000;0;3;0
34644000;0;3;0
34671000;0;3;0
34698000;0;3;0
34725000;0;3;0
34751000;0;3;0
34778000;0;3;0
34805000;0;3;0
34832000;0;3;0
34859000;0;3;0
34886000;0;3;0
34914000;0;3;0
34941000;0;3;0
34967000;0;3;0
34995000;0;3;0
35022000;0;3;0
35049000;0;3;0
35076000;0;3;0
35103000;0;3;0
35130000;0;3;0
35157000;0;3;0
35185000;0;3;0
35212000;0;3;0
35239000;0;3;0
35266000;0;3;0
35294000;0;3;0
35320000;0;3;0
35347000;0;3;0
35374000;0;3;0
35401000;0;3;0
35428000;0;3;0
35455000;0;3;0
35482000;0;3;0
35509000;0;3;0
35536000;0;3;0
35563000;0;3;0
35590000;0;3;0
35617000;0;3;0
35644000;0;3;0
35671000;0;3;0
35699000;0;3;0
35725000;0;3;0
35752000;0;3;0
35779000;0;3;0
35806000;0;3;0
35833000;0;3;0
35860000;0;3;0
35888000;0;3;0
35915000;0;3;0
35942000;0;3;0
35969000;0;3;0
35996000;0;3;0
36023000;0;3;0
36050000;0;3;0
36077000;0;3;0
36104000;0;3;0
36131000;0;3;0
36158000;0;3;0
36185000;0;3;0
36213000;0;3;0
36240000;0;3;0
36267000;0;3;0
36295000;0;3;0
36322000;0;3;0
36350000;0;3;0
36377000;0;3;0
36403000;0;3;0
36430000;0;4;5
36457000;0;4;5
36484000;0;4;5
36511000;5;4;5
36538000;5;4;0
36564000;5;5;21
36591000;5;5;21
36618000;10;6;25
36645000;10;6;25
36672000;10;6;25
36699000;10;7;44
36727000;34;7;28
36754000;34;7;28
36781000;34;8;28
36807000;34;8;32
36834000;38;8;32
36861000;38;9;51
36889000;38;9;35
36917000;38;10;54
36944000;61;10;54
36972000;61;10;54
36999000;61;10;38
37025000;66;11;58
37052000;66;11;58
37079000;66;11;42
37106000;50;11;42
37134000;50;11;42
37161000;50;11;42
37188000;50;11;26
37216000;34;11;26
37243000;34;11;26
37270000;34;11;10
37297000;34;11;10
37324000;40;12;31
37351000;40;12;31
37377000;40;13;35
37404000;40;13;35
37431000;44;14;53
37458000;44;14;37
37485000;44;15;56
37512000;66;15;56
37539000;66;16;56
37566000;66;16;59
37593000;66;16;59
37620000;66;16;59
37647000;69;16;43
37674000;69;16;43
37701000;69;16;43
37727000;53;16;43
37754000;53;16;27
37782000;53;16;27
37809000;53;16;27
37836000;37;16;11
37863000;37;17;32
37890000;37;17;32
37916000;37;18;35
37943000;62;19;54
37970000;62;19;54
37997000;62;20;70
38024000;82;20;54
38051000;82;20;54
38078000;82;21;74
38106000;82;21;58
38133000;87;21;58
38160000;87;21;58
38187000;87;21;58
38214000;71;21;42
38240000;71;21;42
38267000;71;21;42
38295000;71;21;26
38322000;55;21;26
38350000;55;21;26
38377000;55;21;26
38404000;55;22;31
38431000;60;22;31
38458000;60;23;31
38485000;60;23;34
38512000;60;23;34
38539000;64;23;34
38566000;64;24;53
38594000;64;24;37
38621000;64;24;37
38648000;68;24;37
38675000;68;24;21
38702000;68;24;21
38730000;52;24;21
38757000;52;25;23
38784000;52;25;23
38812000;92;27;53
38839000;92;28;53
38866000;92;29;65
38892000;92;30;80
38919000;135;30;80
38946000;135;31;81
38974000;135;31;81
39001000;135;31;81
39029000;137;31;81
39056000;137;31;65
39083000;137;31;65
39111000;137;31;65
39138000;121;31;49
39166000;121;31;49
39193000;121;31;49
39220000;121;31;49
39246000;105;31;33
39273000;105;31;33
39300000;105;31;33
39328000;89;31;17
39355000;89;32;38
39382000;89;32;38
39409000;89;33;42
39436000;115;33;42
39463000;115;33;42
39490000;115;34;61
39517000;115;34;45
39545000;118;34;45
39572000;118;34;45
39600000;118;34;29
39626000;102;34;29
39653000;102;34;29
39680000;102;34;29
39707000;102;35;34
39734000;108;36;34
39761000;108;36;54
39788000;108;37;38
39815000;108;37;57
39841000;131;37;57
39869000;131;37;57
39897000;131;38;61
39924000;131;38;61
39951000;136;39;81
39979000;136;39;65
40006000;136;39;65
40033000;140;39;65
40060000;140;39;65
40086000;140;39;49
40113000;140;39;49
40140000;124;39;49
40167000;124;39;33
40194000;124;39;33
40221000;108;39;33
40248000;108;39;33
40275000;108;39;17
40302000;108;39;17
40329000;92;40;38
40357000;92;41;40
40384000;92;41;40
40411000;92;41;40
40438000;116;41;24
40464000;116;42;24
40491000;116;42;44
40518000;121;42;44
40545000;121;42;28
40572000;121;43;48
40599000;121;43;48
40626000;126;43;32
40653000;126;43;32
40680000;126;43;32
40707000;126;44;53
40734000;131;44;37
40761000;131;45;56
40788000;131;46;74
40815000;131;46;58
40841000;153;47;58
40868000;153;47;77
40896000;153;47;77
40923000;153;47;61
40950000;156;47;61
40977000;156;47;61
41004000;156;47;45
41031000;140;47;45
41058000;140;47;45
41084000;140;47;45
41111000;124;47;29
41138000;124;47;29
41165000;124;47;29
41192000;124;47;13
41219000;108;47;13
41247000;108;48;34
41274000;108;48;34
41301000;108;49;37
41328000;152;50;55
41355000;152;50;55
41381000;152;51;58
41409000;152;51;58
41436000;155;51;58
41463000;155;52;77
41490000;155;52;61
41517000;155;53;78
41545000;177;53;78
41572000;177;53;62
41598000;177;53;62
41625000;161;53;62
41652000;161;53;46
41679000;161;53;46
41706000;161;53;46
41733000;145;53;46
41760000;145;53;30
41787000;145;53;30
41814000;145;53;30
41841000;129;53;14
41868000;129;53;14
41895000;129;54;35
41922000;129;54;35
41948000;135;55;38
41975000;135;55;38
42002000;135;56;57
42028000;158;57;58
42055000;158;57;58
42082000;158;57;58
42109000;158;57;58
42136000;160;57;42
42164000;160;57;42
42191000;160;57;42
42218000;160;57;26
42246000;144;57;26
42274000;144;58;47
42301000;144;58;47
42329000;150;58;31
42355000;150;59;52
42382000;150;59;52
42409000;150;60;54
42436000;174;60;54
42463000;174;61;54
42490000;174;61;72
42517000;174;61;56
42544000;176;61;56
42571000;176;61;56
42598000;176;61;40
42625000;176;61;40
42652000;176;61;40
42678000;160;61;40
42705000;160;61;24
42732000;144;61;24
42759000;144;61;24
42786000;144;61;8
42814000;144;61;8
42841000;128;61;8
42868000;128;62;14
42895000;128;62;14
42922000;128;63;33
42949000;154;63;33
42977000;154;64;35
43004000;154;65;52
43032000;174;65;52
43059000;174;66;54
43086000;174;66;54
43113000;196;67;73
43140000;196;67;73
43167000;196;67;57
43193000;196;67;57
43220000;196;67;57
43247000;180;67;41
43274000;180;67;41
43301000;180;67;41
43328000;164;67;41
43355000;164;67;25
43382000;164;67;25
43409000;164;67;25
43436000;148;67;9
43464000;148;67;9
43491000;148;68;30
43518000;148;68;30
43546000;153;69;33
43573000;153;70;33
43599000;153;70;52
43626000;177;71;36
43653000;177;71;55
43680000;177;71;55
43707000;177;71;39
43734000;216;72;56
43762000;216;72;56
43789000;216;73;75
43816000;216;73;59
43843000;219;74;77
43869000;219;74;77
43896000;219;74;61
43923000;219;74;61
43950000;222;74;61
43977000;222;74;61
44004000;222;74;45
44031000;206;74;45
44057000;206;74;45
44084000;206;74;29
44111000;206;74;29
44138000;190;74;29
44165000;190;74;29
44192000;190;74;13
44219000;190;75;13
44246000;174;75;35
44274000;174;75;19
44301000;174;76;39
44328000;174;76;39
44354000;201;77;39
44380000;201;77;42
44407000;201;77;42
44434000;222;77;42
44462000;222;77;26
44489000;222;77;26
44516000;222;78;46
44543000;227;78;46
44569000;227;79;51
44596000;227;79;51
44623000;232;79;51
44650000;232;79;35
44678000;232;79;35
44705000;232;79;35
44732000;238;80;56
44760000;238;80;40
44787000;238;80;40
44814000;238;81;61
44841000;243;81;45
44868000;243;81;45
44895000;243;81;45
44922000;243;81;29
44948000;227;81;29
44975000;227;81;29
45002000;227;81;29
45029000;211;82;34
45056000;211;82;34
45083000;211;82;34
45110000;211;83;39
45137000;238;84;57
45165000;238;84;57
45192000;238;85;74
45219000;238;85;58
45246000;258;85;58
45273000;258;86;78
45300000;258;86;62
45326000;258;86;62
45355000;262;86;62
45382000;262;86;62
45410000;262;86;46
45437000;262;86;46
45464000;262;86;46
45491000;246;86;30
45518000;246;86;30
45546000;230;86;30
45573000;230;86;30
45600000;230;86;14
45628000;236;87;35
45655000;236;87;35
45682000;236;88;40
45709000;236;88;40
45736000;241;88;40
45763000;241;88;24
45790000;241;89;45
45818000;241;89;45
45845000;246;89;45
45872000;246;89;29
45899000;246;90;49
45925000;246;90;49
45952000;251;90;33
45979000;251;91;54
46006000;251;91;54
46034000;256;91;54
46061000;256;91;38
46088000;256;91;38
46115000;256;91;38
46142000;240;91;22
46168000;240;91;22
46195000;240;92;22
46222000;240;92;43
46249000;246;93;46
46276000;246;94;63
46303000;246;95;79
46330000;283;96;78
46357000;283;96;78
46384000;283;97;96
46411000;283;97;96
46438000;301;97;80
46465000;301;97;80
46494000;301;97;80
46521000;301;97;64
46547000;285;97;64
46575000;285;97;64
46602000;285;97;64
46629000;269;97;48
46656000;269;97;48
46683000;269;97;48
46711000;269;97;32
46738000;253;97;32
46765000;253;97;32
46792000;253;97;16
46819000;253;98;38
46846000;259;98;38
46873000;259;98;38
46900000;259;99;41
46927000;259;99;41
46954000;263;100;60
46980000;263;100;44
47007000;263;100;44
47034000;263;100;44
47061000;267;100;44
47088000;267;100;28
47115000;267;100;28
47143000;251;100;28
47170000;251;101;12
47196000;251;101;34
47223000;251;101;34
47250000;257;102;54
47278000;257;103;56
47305000;257;103;56
47332000;296;104;73
47359000;296;104;57
47385000;296;104;57
47412000;296;105;57
47439000;301;105;77
47466000;301;105;61
47494000;301;105;61
47521000;301;105;61
47547000;285;105;45
47575000;285;105;45
47602000;285;105;45
47629000;285;105;45
47656000;269;105;29
47682000;269;105;29
47709000;269;105;29
47736000;253;105;13
47763000;253;106;34
47790000;253;106;34
47817000;253;106;34
47844000;258;106;18
47871000;258;108;57
47897000;258;108;57
47924000;258;109;59
47951000;300;109;59
47978000;300;109;59
48005000;300;109;43
48032000;284;109;43
48059000;284;109;43
48086000;284;109;43
48113000;284;109;27
48140000;268;109;27
48167000;268;109;27
48194000;268;109;11
48221000;268;110;32
48248000;274;110;32
48275000;274;110;32
48302000;274;111;36
48329000;274;111;36
48356000;278;112;54
48383000;278;112;38
48410000;278;113;57
48437000;301;113;57
48464000;301;114;74
48492000;301;114;58
48519000;301;114;58
48546000;302;114;58
48573000;302;114;42
48600000;302;114;42
48627000;302;114;42
48655000;286;114;42
48681000;286;114;26
48708000;286;114;26
48735000;286;114;26
48762000;270;115;31
48789000;270;115;31
48816000;270;115;31
48843000;276;115;31
48870000;276;116;36
48896000;276;116;36
48923000;300;117;55
48950000;300;117;39
48977000;300;118;59
49004000;300;118;59
49032000;305;119;62
49059000;305;119;62
49086000;305;119;62
49113000;305;119;62
49140000;308;119;46
49167000;308;119;46
49194000;308;119;46
49221000;308;119;30
49248000;292;119;30
49274000;292;119;30
49301000;292;119;30
49328000;292;119;14
49355000;276;119;14
49382000;276;119;14
49409000;276;120;18
49436000;302;120;18
49463000;302;121;37
49491000;302;121;37
49518000;302;122;40
49545000;325;123;40
49572000;325;123;56
49599000;325;124;58
49626000;325;124;58
49653000;345;124;58
49680000;345;124;58
49708000;345;124;42
49735000;329;124;42
49762000;329;124;42
49789000;329;124;26
49816000;329;124;26
49844000;329;124;26
49871000;313;125;26
49898000;313;125;31
49925000;313;125;31
49952000;319;126;51
49980000;319;126;35
50007000;319;127;54
50034000;319;127;54
50061000;343;128;57
50088000;343;128;57
50115000;343;128;57
50142000;365;129;75
50169000;365;129;59
50195000;365;129;59
50222000;365;129;59
50249000;349;129;43
50276000;349;129;43
50303000;349;129;43
50330000;333;129;43
50357000;333;129;27
50384000;333;129;27
50410000;333;129;27
50437000;317;129;11
50464000;317;130;32
50492000;317;130;32
50519000;317;130;32
50546000;323;131;36
50573000;323;131;36
50600000;323;132;55
50627000;323;132;39
50655000;366;133;39
50681000;366;133;55
50708000;366;134;72
50736000;384;134;56
50763000;384;134;56
50790000;384;134;56
50817000;384;134;40
50844000;368;134;40
50871000;368;134;40
50898000;368;134;40
50925000;368;134;24
50952000;352;134;24
50979000;352;135;24
51007000;352;135;30
51033000;352;135;30
51060000;352;135;30
51087000;358;136;32
51114000;358;136;32
51141000;381;137;50
51169000;381;137;50
51196000;381;138;52
51223000;381;138;52
51250000;403;138;52
51278000;403;139;56
51305000;403;139;56
51332000;407;139;56
51359000;407;139;56
51386000;407;139;40
51412000;407;139;40
51439000;413;140;61
51466000;413;140;45
51493000;413;140;45
51520000;413;140;45
51547000;397;140;45
51574000;397;140;29
51601000;397;140;29
51628000;397;140;29
51655000;381;140;13
51681000;381;140;13
51708000;381;141;13
51735000;381;141;35
51762000;387;142;38
51789000;387;142;38
51816000;387;143;56
51844000;409;143;40
51871000;409;144;40
51898000;409;144;59
51925000;409;144;59
51952000;412;144;43
51979000;412;144;43
52006000;412;144;43
52033000;412;144;27
52060000;396;144;27
52087000;396;144;27
52114000;396;144;27
52141000;402;144;11
52168000;402;145;31
52195000;402;146;50
52222000;426;146;34
52248000;426;147;52
52275000;426;147;52
52302000;426;147;36
52329000;426;148;55
52355000;447;148;55
52382000;447;148;55
52409000;447;149;59
52436000;452;149;59
52464000;452;150;79
52492000;452;150;63
52519000;452;150;63
52546000;456;150;63
52573000;456;150;63
52600000;456;150;47
52627000;456;150;47
52654000;440;150;47
52681000;440;150;31
52707000;440;150;31
52734000;440;150;31
52761000;424;150;31
52788000;424;150;15
52815000;424;151;37
52842000;430;151;37
52869000;430;152;41
52896000;430;152;41
52924000;430;153;59
52951000;453;154;59
52978000;453;154;61
53004000;453;154;61
53032000;455;154;61
53059000;455;154;45
53086000;455;155;66
53113000;455;155;66
53140000;461;155;66
53167000;461;155;50
53194000;461;155;50
53220000;461;155;50
53247000;445;155;34
53274000;445;155;34
53301000;445;155;34
53328000;445;155;34
53355000;429;155;18
53382000;429;155;18
53409000;429;156;40
53435000;429;156;24
53462000;435;157;42
53489000;435;157;42
53516000;435;158;45
53543000;458;158;45
53570000;458;158;45
53597000;458;159;65
53625000;458;159;49
53653000;463;159;49
53680000;463;159;49
53707000;463;159;33
53735000;463;159;33
53762000;447;159;33
53788000;447;160;55
53816000;447;160;39
53843000;453;160;39
53870000;453;161;60
53897000;453;161;44
53924000;453;162;63
53951000;478;162;63
53978000;478;162;63
54005000;478;162;47
54032000;478;162;47
54060000;462;162;47
54087000;462;162;31
54114000;462;162;31
54140000;446;162;31
54167000;446;163;53
54194000;446;163;37
54221000;446;164;37
54248000;446;164;58
54275000;474;165;60
54302000;474;166;79
54329000;474;166;79
54355000;513;167;96
54382000;513;167;80
54409000;513;167;80
54436000;497;167;80
54463000;497;167;64
54490000;497;167;64
54517000;497;167;64
54544000;481;167;48
54571000;481;167;48
54598000;481;167;48
54625000;481;167;48
54652000;465;167;32
54680000;465;167;32
54707000;465;167;32
54733000;449;168;16
54760000;449;168;39
54787000;449;168;39
54814000;449;169;60
54842000;478;169;44
54869000;478;170;62
54896000;478;171;80
54923000;478;171;64
54951000;498;171;64
54977000;498;172;82
55004000;498;172;82
55031000;498;172;66
55058000;501;172;66
55085000;501;172;66
55112000;501;172;50
55140000;485;172;50
55166000;485;172;50
55193000;485;172;50
55220000;485;172;34
55247000;469;172;34
55274000;469;172;34
55301000;469;172;18
55328000;469;172;18
55355000;453;172;18
55382000;453;172;18
55409000;453;172;2
55436000;453;172;2
55463000;437;172;2
55491000;437;172;0
55518000;437;172;0
55544000;437;172;0
55571000;421;172;0
55598000;421;172;0
55625000;421;172;0
55652000;405;172;0
55679000;405;172;0
55706000;405;172;0
55733000;389;172;0
55760000;389;172;0
55787000;389;172;0
55813000;389;172;0
55841000;373;172;0
55869000;373;172;0
55896000;373;172;0
55923000;373;172;0
55950000;357;172;0
55977000;357;172;0
56004000;357;172;0
56031000;357;172;0
56058000;341;172;0
56085000;341;172;0
56112000;341;172;0
56139000;325;172;0
56166000;325;172;0
56193000;325;172;0
56220000;325;172;0
56248000;309;172;0
56275000;309;172;0
56301000;309;172;0
56328000;309;172;0
56355000;293;172;0
56382000;293;172;0
56409000;293;172;0
56436000;293;172;0
56464000;277;172;0
56491000;277;172;0
56518000;277;172;0
56545000;277;172;0
56572000;261;172;0
56599000;261;172;0
56626000;261;172;0
56652000;245;172;0
56679000;245;172;0
56706000;245;172;0
56733000;245;172;0
56761000;229;172;0
56787000;229;172;0
56814000;229;172;0
56841000;213;172;0
56868000;213;172;0
56896000;213;172;0
56923000;213;172;0
56950000;197;172;0
56977000;197;172;0
57004000;197;172;0
57031000;197;172;0
57058000;181;172;0
57085000;181;172;0
57112000;181;172;0
57139000;181;172;0
57165000;165;172;0
57192000;165;172;0
57219000;165;172;0
57246000;149;172;0
57273000;149;172;0
57300000;149;172;0
57328000;149;172;0
57355000;133;172;0
57382000;133;172;0
57409000;133;172;0
57436000;133;172;0
57463000;117;172;0
57491000;117;172;0
57517000;117;172;0
57544000;117;172;0
57571000;101;172;0
57598000;101;172;0
57625000;101;172;0
57652000;85;172;0
57679000;85;172;0
57707000;85;172;0
57734000;85;172;0
57761000;69;172;0
57788000;69;172;0
57815000;69;172;0
57841000;69;172;0
57868000;53;172;0
57895000;53;172;0
57923000;53;172;0
57950000;37;172;0
57977000;37;172;0
58004000;37;172;0
58031000;37;172;0
58058000;21;172;0
58085000;21;172;0
58112000;21;172;0
58139000;21;172;0
58166000;5;172;0
58192000;5;172;0
58219000;5;172;0
58246000;5;172;0
58273000;0;172;0
58300000;0;172;0
58327000;0;172;0
58354000;0;172;0
58381000;0;172;0
58408000;0;172;0
58435000;0;172;0
58462000;0;172;0
58489000;0;172;0
58516000;0;172;0
58543000;0;172;0
58569000;0;172;0
58596000;0;172;0
58623000;0;172;0
58650000;0;172;0
58677000;0;172;0
58704000;0;172;0
58731000;0;172;0
58758000;0;172;0
58785000;0;172;0
58812000;0;172;0
58839000;0;172;0
58866000;0;172;0
58893000;0;172;0
58920000;0;172;0
58946000;0;172;0
58974000;0;172;0
59001000;0;172;0
59028000;0;172;0
59056000;0;172;0
59083000;0;172;0
59109000;0;172;0
59136000;0;172;0
59163000;0;172;0
59190000;0;172;0
59217000;0;172;0
59244000;0;172;0
59272000;0;172;0
59299000;0;172;0
59326000;0;172;0
59353000;0;172;0
59379000;0;172;0
59406000;0;172;0
59433000;0;172;0
59460000;0;172;0
59487000;0;172;0
59514000;0;172;0
59541000;0;172;0
59568000;0;172;0
59595000;0;172;0
59622000;0;172;0
59649000;0;172;0
59676000;0;172;0
59702000;0;172;0
59729000;0;172;0
59757000;0;172;0
59784000;0;172;0
59811000;0;172;0
59838000;0;172;0
59865000;0;172;0
59891000;0;172;0
59918000;0;172;0
59945000;0;172;0
59973000;0;172;0
60001000;0;172;0
60028000;0;172;0
60055000;0;172;0
60082000;0;172;0
60109000;0;172;0
60136000;0;172;0
60162000;0;172;0
60189000;0;172;0
60216000;0;172;0
60243000;0;172;0
60270000;0;172;0
60297000;0;172;0
60324000;0;172;0
60351000;0;172;0
60378000;0;172;0
60405000;0;172;0
60432000;0;172;0
60459000;0;172;0
60486000;0;172;0
60513000;0;172;0
60539000;0;172;0
60566000;0;172;0
60593000;0;172;0
60620000;0;172;0
60647000;0;172;0
60674000;0;172;0
60701000;0;172;0
60728000;0;172;0
60755000;0;172;0
60782000;0;172;0
60808000;0;172;0
60835000;0;172;0
60862000;0;172;0
60889000;0;172;0
60916000;0;172;0
60943000;0;172;0
60970000;0;172;0
60997000;0;172;0
61025000;0;172;0
61052000;0;172;0
61078000;0;172;0
61105000;0;172;0
61132000;0;172;0
61159000;0;172;0
61186000;0;172;0
61213000;0;172;0
61240000;0;172;0
61266000;0;172;0
61293000;0;172;0
61320000;0;172;0
61347000;0;172;0
61374000;0;172;0
61401000;0;172;0
61428000;0;172;0
61455000;0;172;0
61482000;0;172;0
61509000;0;172;0
61536000;0;172;0
61563000;0;172;0
61590000;0;172;0
61617000;0;172;0
61643000;0;172;0
61670000;0;172;0
61697000;0;172;0
61724000;0;172;0
61751000;0;172;0
61778000;0;172;0
61805000;0;172;0
61832000;0;172;0
61859000;0;172;0
61886000;0;172;0
61913000;0;172;0
61940000;0;172;0
61967000;0;172;0
61993000;0;172;0
62020000;0;172;0
62047000;0;172;0
62074000;0;172;0
62102000;0;172;0
62129000;0;172;0
62156000;0;172;0
62182000;0;172;0
62209000;0;172;0
62236000;0;172;0
62263000;0;172;0
62291000;0;172;0
62318000;0;172;0
62345000;0;172;0
62372000;0;172;0
62399000;0;172;0
62426000;0;172;0
62453000;0;172;0
62480000;0;172;0
62507000;0;172;0
62534000;0;172;0
62561000;0;172;0
62588000;0;172;0
62615000;0;172;0
62642000;0;172;0
62669000;0;172;0
62696000;0;172;0
62723000;0;172;0
62750000;0;172;0
62777000;0;172;0
62805000;0;172;0
62832000;0;172;0
62859000;0;172;0
62886000;0;172;0
62912000;0;172;0
62939000;0;172;0
62966000;0;172;0
62993000;0;172;0
63020000;0;172;0
63047000;0;172;0
63074000;0;172;0
63101000;0;172;0
63128000;0;172;0
63155000;0;172;0
63182000;0;172;0
63209000;0;172;0
63236000;0;172;0
63263000;0;172;0
63290000;0;172;0
63317000;0;172;0
63344000;0;172;0
63372000;0;172;0
63399000;0;172;0
63426000;0;172;0
63453000;0;172;0
63480000;0;172;0
63508000;0;172;0
63535000;0;172;0
63562000;0;172;0
63588000;0;172;0
63615000;0;172;0
63642000;0;172;0
63669000;0;172;0
63696000;0;172;0
63723000;0;172;0
63751000;0;172;0
63779000;0;172;0
63807000;0;172;0
63834000;0;172;0
63861000;0;172;0
63889000;0;172;0
63915000;0;172;0
63942000;0;172;0
63969000;0;172;0
63996000;0;172;0
64023000;0;172;0
64051000;0;172;0
64078000;0;172;0
64105000;0;172;0
64132000;0;172;0
64160000;0;172;0
64187000;0;172;0
64214000;0;172;0
64241000;0;172;0
64268000;0;172;0
64295000;0;172;0
64321000;0;172;0
64348000;0;172;0
64375000;0;172;0
64402000;0;172;0
64429000;0;172;0
64456000;0;172;0
64483000;0;172;0
64510000;0;172;0
64537000;0;172;0
64564000;0;172;0
64591000;0;172;0
64618000;0;172;0
64645000;0;172;0
64671000;0;172;0
64698000;0;172;0
64725000;0;172;0
64752000;0;172;0
64779000;0;172;0
64806000;0;172;0
64833000;0;172;0
64860000;0;172;0
64887000;0;172;0
64913000;0;172;0
64940000;0;172;0
64967000;0;172;0
64994000;0;172;0
65021000;0;172;0
65048000;0;172;0
65075000;0;172;0
65101000;0;172;0
65128000;0;172;0
65155000;0;172;0
65182000;0;172;0
65208000;0;172;0
65235000;0;172;0
65262000;0;172;0
65289000;0;172;0
65316000;0;172;0
65343000;0;172;0
65371000;0;172;0
65398000;0;172;0
65425000;0;172;0
65453000;0;172;0
65480000;0;172;0
65506000;0;172;0
65533000;0;172;0
65560000;0;172;0
65587000;0;172;0
65614000;0;172;0
65641000;0;172;0
65668000;0;172;0
65695000;0;172;0
65722000;0;172;0
65749000;0;172;0
65777000;0;172;0
65805000;0;172;0
65832000;0;172;0
65859000;0;172;0
65886000;0;172;0
65913000;0;172;0
65940000;0;172;0
65967000;0;172;0
65994000;0;172;0
66021000;0;172;0
66048000;0;172;0
66075000;0;172;0
66103000;0;172;0
66130000;0;172;0
66157000;0;172;0
66184000;0;172;0
66210000;0;172;0
66238000;0;172;0
66265000;0;172;0
66292000;0;172;0
66320000;0;172;0
66347000;0;172;0
66374000;0;172;0
66401000;0;172;0
66428000;0;172;0
66454000;0;172;0
66481000;0;172;0
66508000;0;172;0
66535000;0;172;0
66562000;0;172;0
66590000;0;172;0
66617000;0;172;0
66644000;0;172;0
66671000;0;172;0
66698000;0;172;0
66725000;0;172;0
66752000;0;172;0
66779000;0;172;0
66805000;0;172;0
66832000;0;172;0
66859000;0;172;0
66887000;0;172;0
66914000;0;172;0
66941000;0;172;0
66968000;0;172;0
66995000;0;172;0
67022000;0;172;0
67049000;0;172;0
67076000;0;172;0
67103000;0;172;0
67130000;0;172;0
67157000;0;172;0
67183000;0;172;0
67210000;0;172;0
67237000;0;172;0
